G_loss,D_loss
13.925166322160631,0.10999383179609049
7.823305533988389,0.0858710738349962
7.208732457049112,0.0757809421129481
7.353589368527378,0.06374033503663808
5.866043667040908,0.09834758098821031
