G_loss,D_loss
3.172183597337272,0.69987929252578
2.8305854145636054,0.7006867399681479
3.233936960115902,0.6137606940035627
2.8152990892831324,0.6713926809937206
2.9514964733248963,0.5986856870305564
3.081781493785825,0.6056335488441529
2.8244765710625757,0.6272448835008816
3.031429278380327,0.5853771598322559
3.1005194959069873,0.592683190301156
3.1062239701869583,0.5924668540912015
