G_loss,D_loss
36.425048828125,0.004208126105368137
